{
    "white": [
        [
            124.3725,
            0.0,
            133.73
        ],
        [
            144.3725,
            45.19,
            213.73
        ]
    ],
    "yellow": [
        [
            19.94,
            141.3525,
            126.04499999999999
        ],
        [
            39.94,
            221.3525,
            206.045
        ]
    ],
    "red": [
        [
            167.9725,
            132.78,
            96.0675
        ],
        [
            187.9725,
            212.78,
            176.0675
        ]
    ],
    "orange": [
        [
            0.0,
            134.165,
            178.365
        ],
        [
            13.0,
            214.165,
            255.0
        ]
    ],
    "blue": [
        [
            104.855,
            140.8425,
            72.8475
        ],
        [
            124.855,
            220.8425,
            152.8475
        ]
    ],
    "green": [
        [
            49.0,
            140.585,
            82.6675
        ],
        [
            69.0,
            220.585,
            162.66750000000002
        ]
    ]
}