{
    "white": [
        [
            86.0825,
            0.0,
            153.2925
        ],
        [
            106.0825,
            59.644999999999996,
            233.2925
        ]
    ],
    "yellow": [
        [
            29.795,
            150.7925,
            142.165
        ],
        [
            49.795,
            230.7925,
            222.165
        ]
    ],
    "red": [
        [
            166.73,
            147.8225,
            128.4175
        ],
        [
            186.73,
            227.8225,
            208.4175
        ]
    ],
    "orange": [
        [
            0.0,
            136.73,
            181.925
        ],
        [
            11.71,
            216.73,
            255.0
        ]
    ],
    "blue": [
        [
            101.1825,
            155.7075,
            121.80000000000001
        ],
        [
            121.1825,
            235.7075,
            201.8
        ]
    ],
    "green": [
        [
            49.8925,
            153.06,
            110.94
        ],
        [
            69.8925,
            233.06,
            190.94
        ]
    ]
}